k,query,strategy,param,solutions,pareto,hv,hv_retention_pct,best_qoa,time_s,memory_mb
1,Art,none,0.0,5,5,0.18607325775523387,100.0,0.52392847687006,0.5223441123962402,118.8125
1,Geography,none,0.0,5,5,0.011618467903455373,100.0,0.6245160202185313,0.000514984130859375,0.03125
1,History,none,0.0,5,4,0.18146722750917646,100.0,0.6067973330616951,0.0005178451538085938,0.03125
1,Music,none,0.0,5,4,0.16206302291473154,100.0,0.4635770440101623,0.00044798851013183594,0.03125
1,Other,none,0.0,5,4,0.26342299203041797,100.0,0.3683541849255561,0.0004627704620361328,0.03125
1,Politics,none,0.0,5,4,0.23597642249864856,100.0,0.52287080809474,0.0004482269287109375,0.03125
1,Science and technology,none,0.0,5,4,0.27841308184017416,100.0,0.494495603442192,0.0004401206970214844,0.03125
1,Sports,none,0.0,5,5,0.08542777185807178,100.0,0.4191039264202117,0.00043511390686035156,0.03125
1,TV shows,none,0.0,5,4,0.18922957181332936,100.0,0.6727710008621216,0.00044798851013183594,0.03125
1,Video games,none,0.0,5,4,0.2471351666661886,100.0,0.5813367515802383,0.0005688667297363281,0.03125
1,Art,epsilon,0.01,5,5,0.18607325775523387,100.0,0.52392847687006,0.00047707557678222656,0.03125
1,Geography,epsilon,0.01,5,5,0.011618467903455373,100.0,0.6245160202185313,0.0004329681396484375,0.03125
1,History,epsilon,0.01,4,4,0.18146722750917646,100.0,0.6067973330616951,0.00047206878662109375,0.03125
1,Music,epsilon,0.01,4,4,0.16206302291473154,100.0,0.4635770440101623,0.0004608631134033203,0.03125
1,Other,epsilon,0.01,4,4,0.26342299203041797,100.0,0.3683541849255561,0.0004019737243652344,0.03125
1,Politics,epsilon,0.01,4,4,0.23597642249864856,100.0,0.52287080809474,0.00048804283142089844,0.03125
1,Science and technology,epsilon,0.01,4,4,0.27841308184017416,100.0,0.494495603442192,0.0004658699035644531,0.03125
1,Sports,epsilon,0.01,5,5,0.08542777185807178,100.0,0.4191039264202117,0.0004260540008544922,0.03125
1,TV shows,epsilon,0.01,4,4,0.18922957181332936,100.0,0.6727710008621216,0.00043010711669921875,0.03125
1,Video games,epsilon,0.01,4,4,0.2471351666661886,100.0,0.5813367515802383,0.00043511390686035156,0.03125
1,Art,epsilon,0.02,5,5,0.18607325775523387,100.0,0.52392847687006,0.0004410743713378906,0.03125
1,Geography,epsilon,0.02,5,5,0.011618467903455373,100.0,0.6245160202185313,0.0004711151123046875,0.03125
1,History,epsilon,0.02,4,4,0.18146722750917646,100.0,0.6067973330616951,0.0004630088806152344,0.03125
1,Music,epsilon,0.02,4,4,0.16206302291473154,100.0,0.4635770440101623,0.0006301403045654297,0.03125
1,Other,epsilon,0.02,4,4,0.26342299203041797,100.0,0.3683541849255561,0.00043010711669921875,0.03125
1,Politics,epsilon,0.02,4,4,0.23597642249864856,100.0,0.52287080809474,0.0004839897155761719,0.03125
1,Science and technology,epsilon,0.02,4,4,0.27841308184017416,100.0,0.494495603442192,0.0004329681396484375,0.03125
1,Sports,epsilon,0.02,5,5,0.08542777185807178,100.0,0.4191039264202117,0.0004658699035644531,0.03125
1,TV shows,epsilon,0.02,4,4,0.18922957181332936,100.0,0.6727710008621216,0.0006389617919921875,0.046875
1,Video games,epsilon,0.02,4,4,0.2471351666661886,100.0,0.5813367515802383,0.00047278404235839844,0.03125
1,Art,epsilon,0.05,4,4,0.1860667909606947,99.99652459756057,0.52392847687006,0.00046706199645996094,0.03125
1,Geography,epsilon,0.05,4,4,0.011618467903442753,99.99999999989137,0.6245160202185313,0.0004038810729980469,0.03125
1,History,epsilon,0.05,4,4,0.18146722750917646,100.0,0.6067973330616951,0.0004391670227050781,0.03125
1,Music,epsilon,0.05,4,4,0.16206302291473154,100.0,0.4635770440101623,0.00045680999755859375,0.03125
1,Other,epsilon,0.05,4,4,0.26342299203041797,100.0,0.3683541849255561,0.00045490264892578125,0.03125
1,Politics,epsilon,0.05,4,4,0.23597642249864856,100.0,0.52287080809474,0.00043487548828125,0.03125
1,Science and technology,epsilon,0.05,4,4,0.27841308184017416,100.0,0.494495603442192,0.00048613548278808594,0.03125
1,Sports,epsilon,0.05,4,4,0.08542777185785709,99.9999999997487,0.4191039264202117,0.0004711151123046875,0.03125
1,TV shows,epsilon,0.05,4,4,0.18922957181332936,100.0,0.6727710008621216,0.0005140304565429688,0.03125
1,Video games,epsilon,0.05,4,4,0.2471351666661886,100.0,0.5813367515802383,0.00045371055603027344,0.03125
1,Art,epsilon,0.1,4,4,0.1860667909606947,99.99652459756057,0.52392847687006,0.0004291534423828125,0.03125
1,Geography,epsilon,0.1,4,4,0.011618467903442753,99.99999999989137,0.6245160202185313,0.00048804283142089844,0.03125
1,History,epsilon,0.1,3,3,0.17734350103643762,97.72756407350175,0.5718491584062576,0.00042700767517089844,0.03125
1,Music,epsilon,0.1,3,3,0.1589531671067178,98.08108243812657,0.4612290024757385,0.0005199909210205078,0.03125
1,Other,epsilon,0.1,3,3,0.262836423043325,99.77732809783542,0.3683541849255561,0.0004470348358154297,0.03125
1,Politics,epsilon,0.1,3,3,0.23529108910698107,99.70957548029129,0.52287080809474,0.0004448890686035156,0.03125
1,Science and technology,epsilon,0.1,3,3,0.27716213873042,99.55068809932132,0.494495603442192,0.0004801750183105469,0.03125
1,Sports,epsilon,0.1,3,3,0.08542777185775553,99.99999999962981,0.4191039264202117,0.00045180320739746094,0.03125
1,TV shows,epsilon,0.1,3,3,0.18826699292000657,99.49131687817147,0.6727710008621216,0.0004258155822753906,0.03125
1,Video games,epsilon,0.1,3,3,0.24589344517189446,99.49755370267827,0.5813367515802383,0.0004239082336425781,0.03125
1,Art,epsilon,0.15,3,3,0.1858708181009558,99.89120432633884,0.52392847687006,0.0003731250762939453,0.03125
1,Geography,epsilon,0.15,3,3,0.01161846790335137,99.99999999910484,0.6245160202185313,0.0004980564117431641,0.03125
1,History,epsilon,0.15,3,3,0.17734350103643762,97.72756407350175,0.5718491584062576,0.00046706199645996094,0.03125
1,Music,epsilon,0.15,3,3,0.1589531671067178,98.08108243812657,0.4612290024757385,0.0004410743713378906,0.03125
1,Other,epsilon,0.15,3,3,0.262836423043325,99.77732809783542,0.3683541849255561,0.00045228004455566406,0.03125
1,Politics,epsilon,0.15,3,3,0.23529108910698107,99.70957548029129,0.52287080809474,0.00041103363037109375,0.03125
1,Science and technology,epsilon,0.15,3,3,0.27716213873042,99.55068809932132,0.494495603442192,0.0005791187286376953,0.03125
1,Sports,epsilon,0.15,3,3,0.08542777185775553,99.99999999962981,0.4191039264202117,0.00047898292541503906,0.03125
1,TV shows,epsilon,0.15,3,3,0.18826699292000657,99.49131687817147,0.6727710008621216,0.00045990943908691406,0.03125
1,Video games,epsilon,0.15,3,3,0.24589344517189446,99.49755370267827,0.5813367515802383,0.0004298686981201172,0.03125
1,Art,epsilon,0.2,3,3,0.1858708181009558,99.89120432633884,0.52392847687006,0.00038814544677734375,0.03125
1,Geography,epsilon,0.2,2,2,2.7753154671927766e-13,2.3887103620326637e-09,0.6245160202185313,0.0004999637603759766,0.03125
1,History,epsilon,0.2,3,3,0.17734350103643762,97.72756407350175,0.5718491584062576,0.00046181678771972656,0.03125
1,Music,epsilon,0.2,3,3,0.1589531671067178,98.08108243812657,0.4612290024757385,0.0004892349243164062,0.03125
1,Other,epsilon,0.2,3,3,0.262836423043325,99.77732809783542,0.3683541849255561,0.0004010200500488281,0.03125
1,Politics,epsilon,0.2,3,3,0.23529108910698107,99.70957548029129,0.52287080809474,0.0004401206970214844,0.03125
1,Science and technology,epsilon,0.2,3,3,0.27716213873042,99.55068809932132,0.494495603442192,0.00043320655822753906,0.03125
1,Sports,epsilon,0.2,3,3,0.08542777185775553,99.99999999962981,0.4191039264202117,0.0003991127014160156,0.03125
1,TV shows,epsilon,0.2,3,3,0.18826699292000657,99.49131687817147,0.6727710008621216,0.00041794776916503906,0.03125
1,Video games,epsilon,0.2,3,3,0.24589344517189446,99.49755370267827,0.5813367515802383,0.0003941059112548828,0.03125
1,Art,delta_qoa,0.01,5,5,0.18607325775523387,100.0,0.52392847687006,0.00039696693420410156,0.03125
1,Geography,delta_qoa,0.01,5,5,0.011618467903455373,100.0,0.6245160202185313,0.0004570484161376953,0.03125
1,History,delta_qoa,0.01,5,4,0.18146722750917646,100.0,0.6067973330616951,0.00037789344787597656,0.03125
1,Music,delta_qoa,0.01,5,4,0.16206302291473154,100.0,0.4635770440101623,0.0003829002380371094,0.03125
1,Other,delta_qoa,0.01,5,4,0.26342299203041797,100.0,0.3683541849255561,0.00044417381286621094,0.03125
1,Politics,delta_qoa,0.01,5,4,0.23597642249864856,100.0,0.52287080809474,0.00038504600524902344,0.03125
1,Science and technology,delta_qoa,0.01,5,4,0.27841308184017416,100.0,0.494495603442192,0.0004229545593261719,0.03125
1,Sports,delta_qoa,0.01,5,5,0.08542777185807178,100.0,0.4191039264202117,0.0004420280456542969,0.03125
1,TV shows,delta_qoa,0.01,5,4,0.18922957181332936,100.0,0.6727710008621216,0.00041794776916503906,0.03125
1,Video games,delta_qoa,0.01,5,4,0.2471351666661886,100.0,0.5813367515802383,0.00042700767517089844,0.03125
1,Art,delta_qoa,0.02,5,5,0.18607325775523387,100.0,0.52392847687006,0.00045299530029296875,0.03125
1,Geography,delta_qoa,0.02,5,5,0.011618467903455373,100.0,0.6245160202185313,0.0003979206085205078,0.03125
1,History,delta_qoa,0.02,5,4,0.18146722750917646,100.0,0.6067973330616951,0.00045108795166015625,0.03125
1,Music,delta_qoa,0.02,5,4,0.16206302291473154,100.0,0.4635770440101623,0.0004050731658935547,0.03125
1,Other,delta_qoa,0.02,5,4,0.26342299203041797,100.0,0.3683541849255561,0.00042128562927246094,0.03125
1,Politics,delta_qoa,0.02,5,4,0.23597642249864856,100.0,0.52287080809474,0.0003781318664550781,0.03125
1,Science and technology,delta_qoa,0.02,5,4,0.27841308184017416,100.0,0.494495603442192,0.00046706199645996094,0.03125
1,Sports,delta_qoa,0.02,5,5,0.08542777185807178,100.0,0.4191039264202117,0.00043392181396484375,0.03125
1,TV shows,delta_qoa,0.02,5,4,0.18922957181332936,100.0,0.6727710008621216,0.0004589557647705078,0.03125
1,Video games,delta_qoa,0.02,5,4,0.2471351666661886,100.0,0.5813367515802383,0.0004830360412597656,0.03125
1,Art,delta_qoa,0.05,5,5,0.18607325775523387,100.0,0.52392847687006,0.0004620552062988281,0.03125
1,Geography,delta_qoa,0.05,5,5,0.011618467903455373,100.0,0.6245160202185313,0.00046181678771972656,0.03125
1,History,delta_qoa,0.05,5,4,0.18146722750917646,100.0,0.6067973330616951,0.0004611015319824219,0.03125
1,Music,delta_qoa,0.05,5,4,0.16206302291473154,100.0,0.4635770440101623,0.00042700767517089844,0.03125
1,Other,delta_qoa,0.05,5,4,0.26342299203041797,100.0,0.3683541849255561,0.0004928112030029297,0.03125
1,Politics,delta_qoa,0.05,5,4,0.23597642249864856,100.0,0.52287080809474,0.000476837158203125,0.03125
1,Science and technology,delta_qoa,0.05,5,4,0.27841308184017416,100.0,0.494495603442192,0.0004291534423828125,0.03125
1,Sports,delta_qoa,0.05,5,5,0.08542777185807178,100.0,0.4191039264202117,0.0004239082336425781,0.03125
1,TV shows,delta_qoa,0.05,5,4,0.18922957181332936,100.0,0.6727710008621216,0.00045108795166015625,0.03125
1,Video games,delta_qoa,0.05,5,4,0.2471351666661886,100.0,0.5813367515802383,0.0004520416259765625,0.03125
1,Art,delta_qoa,0.1,5,5,0.18607325775523387,100.0,0.52392847687006,0.00043320655822753906,0.03125
1,Geography,delta_qoa,0.1,5,5,0.011618467903455373,100.0,0.6245160202185313,0.0005018711090087891,0.03125
1,History,delta_qoa,0.1,5,4,0.18146722750917646,100.0,0.6067973330616951,0.000537872314453125,0.03125
1,Music,delta_qoa,0.1,5,4,0.16206302291473154,100.0,0.4635770440101623,0.00041985511779785156,0.03125
1,Other,delta_qoa,0.1,5,4,0.26342299203041797,100.0,0.3683541849255561,0.0004661083221435547,0.03125
1,Politics,delta_qoa,0.1,5,4,0.23597642249864856,100.0,0.52287080809474,0.0004279613494873047,0.03125
1,Science and technology,delta_qoa,0.1,5,4,0.27841308184017416,100.0,0.494495603442192,0.0004487037658691406,0.03125
1,Sports,delta_qoa,0.1,5,5,0.08542777185807178,100.0,0.4191039264202117,0.0004291534423828125,0.03125
1,TV shows,delta_qoa,0.1,5,4,0.18922957181332936,100.0,0.6727710008621216,0.00044417381286621094,0.03125
1,Video games,delta_qoa,0.1,5,4,0.2471351666661886,100.0,0.5813367515802383,0.0004239082336425781,0.03125
1,Art,delta_qoa,0.15,5,5,0.18607325775523387,100.0,0.52392847687006,0.00044798851013183594,0.03125
1,Geography,delta_qoa,0.15,5,5,0.011618467903455373,100.0,0.6245160202185313,0.00040793418884277344,0.03125
1,History,delta_qoa,0.15,5,4,0.18146722750917646,100.0,0.6067973330616951,0.00043010711669921875,0.03125
1,Music,delta_qoa,0.15,5,4,0.16206302291473154,100.0,0.4635770440101623,0.0003809928894042969,0.03125
1,Other,delta_qoa,0.15,5,4,0.26342299203041797,100.0,0.3683541849255561,0.0004010200500488281,0.03125
1,Politics,delta_qoa,0.15,5,4,0.23597642249864856,100.0,0.52287080809474,0.0004470348358154297,0.03125
1,Science and technology,delta_qoa,0.15,5,4,0.27841308184017416,100.0,0.494495603442192,0.0004260540008544922,0.03125
1,Sports,delta_qoa,0.15,5,5,0.08542777185807178,100.0,0.4191039264202117,0.0007381439208984375,0.03125
1,TV shows,delta_qoa,0.15,5,4,0.18922957181332936,100.0,0.6727710008621216,0.0005259513854980469,0.03125
1,Video games,delta_qoa,0.15,5,4,0.2471351666661886,100.0,0.5813367515802383,0.0005178451538085938,0.03125
1,Art,delta_qoa,0.2,5,5,0.18607325775523387,100.0,0.52392847687006,0.00047898292541503906,0.03125
1,Geography,delta_qoa,0.2,5,5,0.011618467903455373,100.0,0.6245160202185313,0.00045013427734375,0.03125
1,History,delta_qoa,0.2,5,4,0.18146722750917646,100.0,0.6067973330616951,0.00044417381286621094,0.03125
1,Music,delta_qoa,0.2,5,4,0.16206302291473154,100.0,0.4635770440101623,0.0004458427429199219,0.03125
1,Other,delta_qoa,0.2,5,4,0.26342299203041797,100.0,0.3683541849255561,0.00044798851013183594,0.03125
1,Politics,delta_qoa,0.2,5,4,0.23597642249864856,100.0,0.52287080809474,0.0004439353942871094,0.03125
1,Science and technology,delta_qoa,0.2,5,4,0.27841308184017416,100.0,0.494495603442192,0.00042700767517089844,0.03125
1,Sports,delta_qoa,0.2,5,5,0.08542777185807178,100.0,0.4191039264202117,0.0004360675811767578,0.03125
1,TV shows,delta_qoa,0.2,5,4,0.18922957181332936,100.0,0.6727710008621216,0.0004229545593261719,0.03125
1,Video games,delta_qoa,0.2,5,4,0.2471351666661886,100.0,0.5813367515802383,0.0005519390106201172,0.03125
2,Art,none,0.0,30,7,0.6049758646134485,100.0,0.5806179717183113,0.01152801513671875,0.265625
2,Geography,none,0.0,30,6,0.6984713054674572,100.0,0.6245160202185313,0.011010885238647461,0.03125
2,History,none,0.0,30,5,0.6970509763003919,100.0,0.6399691194295883,0.010979890823364258,0.03125
2,Music,none,0.0,30,10,0.5519956811441399,100.0,0.5371956765651703,0.010941028594970703,0.03125
2,Other,none,0.0,30,11,0.5506512274546227,100.0,0.452923247218132,0.011605024337768555,0.0625
2,Politics,none,0.0,30,9,0.7783171276131727,100.0,0.5490777400322259,0.010956764221191406,0.03125
2,Science and technology,none,0.0,30,6,0.8234148902947207,100.0,0.5034463256597519,0.011098146438598633,0.03125
2,Sports,none,0.0,30,9,0.6933967093489486,100.0,0.4454002439975738,0.011062860488891602,0.03125
2,TV shows,none,0.0,30,4,0.8254498319207105,100.0,0.6727710008621216,0.011664867401123047,0.03125
2,Video games,none,0.0,30,4,0.7931364314654009,100.0,0.5813367515802383,0.011375188827514648,0.03125
2,Art,epsilon,0.01,20,7,0.6049758646134485,100.0,0.5806179717183113,0.011057853698730469,0.03125
2,Geography,epsilon,0.01,17,6,0.6984713054674572,100.0,0.6245160202185313,0.010930061340332031,0.03125
2,History,epsilon,0.01,16,5,0.6970509763003919,100.0,0.6399691194295883,0.009034872055053711,0.03125
2,Music,epsilon,0.01,17,8,0.5494938811892357,99.54677182442467,0.5193731188774109,0.009389877319335938,0.03125
2,Other,epsilon,0.01,16,9,0.550618029226432,99.99397109703284,0.452923247218132,0.008987903594970703,0.03125
2,Politics,epsilon,0.01,15,9,0.7783171276131727,100.0,0.5490777400322259,0.009244918823242188,0.03125
2,Science and technology,epsilon,0.01,16,6,0.8234148902947207,100.0,0.5034463256597519,0.009119987487792969,0.03125
2,Sports,epsilon,0.01,16,9,0.6933967093489486,100.0,0.4454002439975738,0.01101994514465332,0.03125
2,TV shows,epsilon,0.01,15,4,0.8254498319207105,100.0,0.6727710008621216,0.009289026260375977,0.03125
2,Video games,epsilon,0.01,16,4,0.7931364314654009,100.0,0.5813367515802383,0.009059906005859375,0.03125
2,Art,epsilon,0.02,20,7,0.6049758646134485,100.0,0.5806179717183113,0.011528968811035156,0.03125
2,Geography,epsilon,0.02,16,6,0.6984713054674572,100.0,0.6245160202185313,0.011088848114013672,0.03125
2,History,epsilon,0.02,14,5,0.6970509763003919,100.0,0.6399691194295883,0.008847951889038086,0.03125
2,Music,epsilon,0.02,16,8,0.5494938811892357,99.54677182442467,0.5193731188774109,0.008828163146972656,0.03125
2,Other,epsilon,0.02,16,9,0.550618029226432,99.99397109703284,0.452923247218132,0.008953094482421875,0.03125
2,Politics,epsilon,0.02,15,9,0.7783171276131727,100.0,0.5490777400322259,0.009073257446289062,0.03125
2,Science and technology,epsilon,0.02,15,6,0.8234148902947207,100.0,0.5034463256597519,0.009643077850341797,0.03125
2,Sports,epsilon,0.02,16,9,0.6933967093489486,100.0,0.4454002439975738,0.011368036270141602,0.03125
2,TV shows,epsilon,0.02,14,4,0.8254498319207105,100.0,0.6727710008621216,0.008883953094482422,0.03125
2,Video games,epsilon,0.02,15,4,0.7931364314654009,100.0,0.5813367515802383,0.008986949920654297,0.03125
2,Art,epsilon,0.05,11,4,0.6007405006639509,99.29991191430358,0.52392847687006,0.008939027786254883,0.03125
2,Geography,epsilon,0.05,14,5,0.6983675705688055,99.98514829487773,0.6245160202185313,0.009360074996948242,0.03125
2,History,epsilon,0.05,11,5,0.6970509763003919,100.0,0.6399691194295883,0.008973836898803711,0.03125
2,Music,epsilon,0.05,14,8,0.5494938811892357,99.54677182442467,0.5193731188774109,0.008933782577514648,0.03125
2,Other,epsilon,0.05,12,9,0.550618029226432,99.99397109703284,0.452923247218132,0.009099006652832031,0.03125
2,Politics,epsilon,0.05,13,8,0.7782614869828639,99.99285116203475,0.5490777400322259,0.008824825286865234,0.03125
2,Science and technology,epsilon,0.05,13,6,0.8234148902947207,100.0,0.5034463256597519,0.009047269821166992,0.03125
2,Sports,epsilon,0.05,12,8,0.693318800607495,99.98876418933011,0.4454002439975738,0.00946187973022461,0.03125
2,TV shows,epsilon,0.05,13,4,0.8254498319207105,100.0,0.6727710008621216,0.00916290283203125,0.03125
2,Video games,epsilon,0.05,12,4,0.7931364314654009,100.0,0.5813367515802383,0.00900578498840332,0.03125
2,Art,epsilon,0.1,10,4,0.6007405006639509,99.29991191430358,0.52392847687006,0.00886392593383789,0.03125
2,Geography,epsilon,0.1,9,5,0.6983675705688055,99.98514829487773,0.6245160202185313,0.00939321517944336,0.03125
2,History,epsilon,0.1,9,4,0.6433637588471284,92.29794960790252,0.6399691194295883,0.006876945495605469,0.03125
2,Music,epsilon,0.1,9,5,0.5300633539833662,96.02672123895721,0.5193731188774109,0.0070230960845947266,0.03125
2,Other,epsilon,0.1,10,7,0.5454029967398878,99.04690474604138,0.452923247218132,0.006755828857421875,0.03125
2,Politics,epsilon,0.1,9,6,0.7735575387979683,99.38847692716202,0.5490777400322259,0.006998777389526367,0.03125
2,Science and technology,epsilon,0.1,9,5,0.8198924603903863,99.57221688047521,0.5034463256597519,0.0068700313568115234,0.03125
2,Sports,epsilon,0.1,9,7,0.6917694707751793,99.76532358001855,0.4454002439975738,0.006865978240966797,0.03125
2,TV shows,epsilon,0.1,9,3,0.824392684598344,99.87193076047922,0.6727710008621216,0.006777763366699219,0.03125
2,Video games,epsilon,0.1,9,3,0.7919757868085713,99.85366393336828,0.5813367515802383,0.0069119930267333984,0.03125
2,Art,epsilon,0.15,8,3,0.5971169600997175,98.70095569535611,0.52392847687006,0.0069692134857177734,0.03125
2,Geography,epsilon,0.15,8,4,0.695641357657714,99.59483692635744,0.6245160202185313,0.006936073303222656,0.03125
2,History,epsilon,0.15,8,3,0.6336156779432902,90.89947500055369,0.5718491584062576,0.006890058517456055,0.03125
2,Music,epsilon,0.15,7,5,0.5300633539833662,96.02672123895721,0.5193731188774109,0.006823062896728516,0.03125
2,Other,epsilon,0.15,7,6,0.5428050026481811,98.57510082330867,0.452923247218132,0.006965160369873047,0.03125
2,Politics,epsilon,0.15,8,5,0.7727531735602157,99.28513020521342,0.5490777400322259,0.006959199905395508,0.03125
2,Science and technology,epsilon,0.15,8,5,0.8198924603903863,99.57221688047521,0.5034463256597519,0.006947040557861328,0.03125
2,Sports,epsilon,0.15,8,7,0.6917694707751793,99.76532358001855,0.4454002439975738,0.00699615478515625,0.03125
2,TV shows,epsilon,0.15,8,3,0.824392684598344,99.87193076047922,0.6727710008621216,0.006857156753540039,0.03125
2,Video games,epsilon,0.15,7,3,0.7919757868085713,99.85366393336828,0.5813367515802383,0.006779193878173828,0.03125
2,Art,epsilon,0.2,7,3,0.5971169600997175,98.70095569535611,0.52392847687006,0.0076982975006103516,0.03125
2,Geography,epsilon,0.2,5,3,0.677143461735557,96.94649679021154,0.6245160202185313,0.004826068878173828,0.03125
2,History,epsilon,0.2,7,3,0.6336156779432902,90.89947500055369,0.5718491584062576,0.0071332454681396484,0.03125
2,Music,epsilon,0.2,6,5,0.5300633539833662,96.02672123895721,0.5193731188774109,0.006922006607055664,0.03125
2,Other,epsilon,0.2,6,5,0.5289973054151824,96.06757944778673,0.417368346452713,0.006960868835449219,0.03125
2,Politics,epsilon,0.2,6,4,0.7709406974623445,99.0522590485129,0.542421592399478,0.007588863372802734,0.03125
2,Science and technology,epsilon,0.2,6,4,0.8184428884384566,99.396172948186,0.5008529931306839,0.007049083709716797,0.03125
2,Sports,epsilon,0.2,7,6,0.6897019822444552,99.4671553737308,0.4454002439975738,0.007357120513916016,0.03125
2,TV shows,epsilon,0.2,7,3,0.824392684598344,99.87193076047922,0.6727710008621216,0.007376909255981445,0.03125
2,Video games,epsilon,0.2,7,3,0.7919757868085713,99.85366393336828,0.5813367515802383,0.0071179866790771484,0.03125
2,Art,delta_qoa,0.01,14,7,0.6049758646134485,100.0,0.5806179717183113,0.011126995086669922,0.03125
2,Geography,delta_qoa,0.01,18,5,0.6984713054666931,99.9999999998906,0.6245160202185313,0.011445999145507812,0.03125
2,History,delta_qoa,0.01,13,5,0.6970509763003919,100.0,0.6399691194295883,0.011040925979614258,0.03125
2,Music,delta_qoa,0.01,15,10,0.5519956811441399,100.0,0.5371956765651703,0.010998010635375977,0.03125
2,Other,delta_qoa,0.01,17,11,0.5506512274546227,100.0,0.452923247218132,0.010949134826660156,0.03125
2,Politics,delta_qoa,0.01,14,9,0.7783171276131727,100.0,0.5490777400322259,0.0111541748046875,0.03125
2,Science and technology,delta_qoa,0.01,12,5,0.821965318342791,99.82395606771078,0.5008529931306839,0.011053085327148438,0.03125
2,Sports,delta_qoa,0.01,18,9,0.6933967093489486,100.0,0.4454002439975738,0.011673927307128906,0.03125
2,TV shows,delta_qoa,0.01,10,4,0.8254498319207105,100.0,0.6727710008621216,0.011379003524780273,0.03125
2,Video games,delta_qoa,0.01,11,4,0.7931364314654009,100.0,0.5813367515802383,0.011555910110473633,0.03125
2,Art,delta_qoa,0.02,13,7,0.6049758646134485,100.0,0.5806179717183113,0.011286020278930664,0.03125
2,Geography,delta_qoa,0.02,17,5,0.6984713054666931,99.9999999998906,0.6245160202185313,0.0110321044921875,0.03125
2,History,delta_qoa,0.02,13,5,0.6970509763003919,100.0,0.6399691194295883,0.011913061141967773,0.03125
2,Music,delta_qoa,0.02,15,10,0.5519956811441399,100.0,0.5371956765651703,0.01096487045288086,0.03125
2,Other,delta_qoa,0.02,17,11,0.5506512274546227,100.0,0.452923247218132,0.011029958724975586,0.03125
2,Politics,delta_qoa,0.02,13,8,0.7782614869828639,99.99285116203475,0.5490777400322259,0.01157522201538086,0.03125
2,Science and technology,delta_qoa,0.02,11,5,0.821965318342791,99.82395606771078,0.5008529931306839,0.011099815368652344,0.03125
2,Sports,delta_qoa,0.02,17,8,0.6932156270234558,99.97388474403596,0.4454002439975738,0.011062145233154297,0.03125
2,TV shows,delta_qoa,0.02,10,4,0.8254498319207105,100.0,0.6727710008621216,0.011047124862670898,0.03125
2,Video games,delta_qoa,0.02,11,4,0.7931364314654009,100.0,0.5813367515802383,0.010978221893310547,0.03125
2,Art,delta_qoa,0.05,8,7,0.6049758646134485,100.0,0.5806179717183113,0.011062860488891602,0.03125
2,Geography,delta_qoa,0.05,16,5,0.6984713054666931,99.9999999998906,0.6245160202185313,0.010819196701049805,0.03125
2,History,delta_qoa,0.05,11,5,0.6970509763003919,100.0,0.6399691194295883,0.010952234268188477,0.03125
2,Music,delta_qoa,0.05,9,7,0.5511509452282584,99.846966933848,0.5371956765651703,0.011082887649536133,0.03125
2,Other,delta_qoa,0.05,13,8,0.5428856841785518,98.5897528437434,0.452923247218132,0.010925054550170898,0.03125
2,Politics,delta_qoa,0.05,6,4,0.7687695566936813,98.77330581831464,0.52287080809474,0.010980844497680664,0.03125
2,Science and technology,delta_qoa,0.05,10,5,0.821965318342791,99.82395606771078,0.5008529931306839,0.010918855667114258,0.03125
2,Sports,delta_qoa,0.05,8,6,0.6838636410345005,98.62516389450434,0.4438420593738555,0.010838031768798828,0.03125
2,TV shows,delta_qoa,0.05,7,4,0.8254498319207105,100.0,0.6727710008621216,0.01093292236328125,0.03125
2,Video games,delta_qoa,0.05,10,4,0.7931364314654009,100.0,0.5813367515802383,0.010899066925048828,0.03125
2,Art,delta_qoa,0.1,5,5,0.604288494783253,99.88638061939301,0.52392847687006,0.01089024543762207,0.03125
2,Geography,delta_qoa,0.1,8,5,0.6984713054666931,99.9999999998906,0.6245160202185313,0.01093602180480957,0.03125
2,History,delta_qoa,0.1,9,5,0.6970509763003919,100.0,0.6399691194295883,0.011685848236083984,0.03125
2,Music,delta_qoa,0.1,6,5,0.5441910356611612,98.58610388639242,0.5371956765651703,0.012007951736450195,0.03125
2,Other,delta_qoa,0.1,8,6,0.5286992607692279,96.01345359986439,0.4098829612135887,0.011282920837402344,0.03125
2,Politics,delta_qoa,0.1,5,4,0.7687695566936813,98.77330581831464,0.52287080809474,0.012038230895996094,0.03125
2,Science and technology,delta_qoa,0.1,6,4,0.8219653183418479,99.82395606759627,0.494495603442192,0.011130809783935547,0.03125
2,Sports,delta_qoa,0.1,6,6,0.676923692753897,97.62430130213357,0.4415934950113296,0.010945796966552734,0.03125
2,TV shows,delta_qoa,0.1,7,4,0.8254498319207105,100.0,0.6727710008621216,0.011113166809082031,0.03125
2,Video games,delta_qoa,0.1,6,4,0.7931364314654009,100.0,0.5813367515802383,0.010954141616821289,0.03125
2,Art,delta_qoa,0.15,5,5,0.604288494783253,99.88638061939301,0.52392847687006,0.010873079299926758,0.03125
2,Geography,delta_qoa,0.15,5,5,0.6984713054666931,99.9999999998906,0.6245160202185313,0.01088404655456543,0.03125
2,History,delta_qoa,0.15,5,4,0.6923040379231326,99.31899695450484,0.6067973330616951,0.01094675064086914,0.03125
2,Music,delta_qoa,0.15,5,4,0.5375446543684187,97.38203988375996,0.4635770440101623,0.010888099670410156,0.03125
2,Other,delta_qoa,0.15,7,6,0.5286992607692279,96.01345359986439,0.4098829612135887,0.010865211486816406,0.03125
2,Politics,delta_qoa,0.15,5,4,0.7687695566936813,98.77330581831464,0.52287080809474,0.010942935943603516,0.03125
2,Science and technology,delta_qoa,0.15,6,4,0.8219653183418479,99.82395606759627,0.494495603442192,0.011432886123657227,0.03125
2,Sports,delta_qoa,0.15,5,5,0.6763569044255049,97.5425604572824,0.4191039264202117,0.010916709899902344,0.03125
2,TV shows,delta_qoa,0.15,7,4,0.8254498319207105,100.0,0.6727710008621216,0.010942220687866211,0.03125
2,Video games,delta_qoa,0.15,6,4,0.7931364314654009,100.0,0.5813367515802383,0.011478900909423828,0.03125
2,Art,delta_qoa,0.2,5,5,0.604288494783253,99.88638061939301,0.52392847687006,0.011132955551147461,0.03125
2,Geography,delta_qoa,0.2,5,5,0.6984713054666931,99.9999999998906,0.6245160202185313,0.01128697395324707,0.03125
2,History,delta_qoa,0.2,5,4,0.6923040379231326,99.31899695450484,0.6067973330616951,0.011076927185058594,0.03125
2,Music,delta_qoa,0.2,5,4,0.5375446543684187,97.38203988375996,0.4635770440101623,0.01125788688659668,0.03125
2,Other,delta_qoa,0.2,5,4,0.5286686242474328,96.00788991085987,0.3683541849255561,0.011053800582885742,0.03125
2,Politics,delta_qoa,0.2,5,4,0.7687695566936813,98.77330581831464,0.52287080809474,0.010794878005981445,0.03125
2,Science and technology,delta_qoa,0.2,5,4,0.8219653183418479,99.82395606759627,0.494495603442192,0.011008977890014648,0.03125
2,Sports,delta_qoa,0.2,5,5,0.6763569044255049,97.5425604572824,0.4191039264202117,0.010859966278076172,0.03125
2,TV shows,delta_qoa,0.2,5,4,0.8254498319207105,100.0,0.6727710008621216,0.010923147201538086,0.03125
2,Video games,delta_qoa,0.2,6,4,0.7931364314654009,100.0,0.5813367515802383,0.010973930358886719,0.03125
3,Art,none,0.0,205,21,0.7436638885118498,100.0,0.6384526198371944,0.3866279125213623,3.609375
3,Geography,none,0.0,205,12,0.828758698517572,100.0,0.687293718706449,0.38339805603027344,0.171875
3,History,none,0.0,205,12,0.7034774245000754,100.0,0.7736266841166319,0.3876950740814209,0.09375
3,Music,none,0.0,205,27,0.6001664162170075,100.0,0.658661176058871,0.3817160129547119,0.109375
3,Other,none,0.0,205,29,0.5197936333408937,100.0,0.6191644679690204,0.3904411792755127,0.078125
3,Politics,none,0.0,205,23,0.7814697157141997,100.0,0.6342284479024695,0.38498592376708984,0.09375
3,Science and technology,none,0.0,205,16,0.8231961248461214,100.0,0.5671354712349392,0.39725399017333984,0.40625
3,Sports,none,0.0,205,24,0.7766894942267972,100.0,0.5132466235734154,0.3956480026245117,0.140625
3,TV shows,none,0.0,205,10,0.8548221658802758,100.0,0.7790280061426103,0.38396716117858887,0.09375
3,Video games,none,0.0,205,19,0.6402587379000253,100.0,0.8395241807073826,0.3906691074371338,0.109375
3,Art,epsilon,0.01,66,13,0.740598549831625,99.58780589893118,0.6384526198371944,0.18482589721679688,0.03125
3,Geography,epsilon,0.01,55,10,0.8286887120228217,99.99155526272297,0.687293718706449,0.1513350009918213,0.03125
3,History,epsilon,0.01,54,11,0.7034741745958671,99.99953802295637,0.7736266841166319,0.15024375915527344,0.03125
3,Music,epsilon,0.01,58,14,0.5643231111465122,94.02777228082434,0.5887791378891034,0.15967798233032227,0.03125
3,Other,epsilon,0.01,66,22,0.518689191376183,99.78752299107396,0.6191644679690204,0.15427589416503906,0.03125
3,Politics,epsilon,0.01,52,18,0.7713532829172216,98.70546067319673,0.6342284479024695,0.1382920742034912,0.03125
3,Science and technology,epsilon,0.01,59,15,0.8231914976916973,99.99943790376504,0.5671354712349392,0.1497657299041748,0.03125
3,Sports,epsilon,0.01,51,29,0.7467295762628495,96.14261320815558,0.5132466235734154,0.13954710960388184,0.03125
3,TV shows,epsilon,0.01,53,7,0.8339427746946998,97.55745791125165,0.7523786915518095,0.13666605949401855,0.03125
3,Video games,epsilon,0.01,58,14,0.6399849827328405,99.95724304082398,0.8395241807073826,0.1490459442138672,0.03125
3,Art,epsilon,0.02,61,13,0.740598549831625,99.58780589893118,0.6384526198371944,0.1849808692932129,0.03125
3,Geography,epsilon,0.02,52,10,0.8286887120228217,99.99155526272297,0.687293718706449,0.14194822311401367,0.03125
3,History,epsilon,0.02,46,10,0.7033365093298233,99.97996877151355,0.7736266841166319,0.1288590431213379,0.03125
3,Music,epsilon,0.02,52,12,0.5643064928973877,94.02500334063116,0.5887791378891034,0.1513049602508545,0.03125
3,Other,epsilon,0.02,63,21,0.5186868904916758,99.78708033761313,0.6191644679690204,0.1539618968963623,0.03125
3,Politics,epsilon,0.02,51,18,0.7710971493102313,98.67268478926421,0.6342284479024695,0.13651084899902344,0.03125
3,Science and technology,epsilon,0.02,55,15,0.8231914976916973,99.99943790376504,0.5671354712349392,0.13982892036437988,0.03125
3,Sports,epsilon,0.02,49,27,0.7467158253650023,96.14084275832337,0.5132466235734154,0.1394670009613037,0.03125
3,TV shows,epsilon,0.02,46,7,0.8339427746946998,97.55745791125165,0.7523786915518095,0.12520694732666016,0.03125
3,Video games,epsilon,0.02,53,13,0.6399847895797468,99.95721287284934,0.8395241807073826,0.13821196556091309,0.03125
3,Art,epsilon,0.05,29,10,0.6780378664002614,91.17531143768282,0.6022773232553612,0.08988809585571289,0.03125
3,Geography,epsilon,0.05,36,7,0.8283509935073017,99.95080534165136,0.687293718706449,0.12636208534240723,0.03125
3,History,epsilon,0.05,31,8,0.6907015977325448,98.18390380094858,0.6922740397465743,0.09458017349243164,0.03125
3,Music,epsilon,0.05,39,12,0.5643064928973877,94.02500334063116,0.5887791378891034,0.12540006637573242,0.03125
3,Other,epsilon,0.05,40,21,0.5197193282654264,99.98570488926737,0.6191644679690204,0.10249018669128418,0.03125
3,Politics,epsilon,0.05,33,15,0.7658525946577753,98.00157053531478,0.6108449591778982,0.11360311508178711,0.03125
3,Science and technology,epsilon,0.05,34,11,0.8230277472540355,99.97954587163328,0.5671354712349392,0.11547064781188965,0.03125
3,Sports,epsilon,0.05,31,20,0.7428505714971995,95.64318521350867,0.5132466235734154,0.1019902229309082,0.03125
3,TV shows,epsilon,0.05,33,7,0.8339427746946998,97.55745791125165,0.7523786915518095,0.11319899559020996,0.03125
3,Video games,epsilon,0.05,32,8,0.6398149090576143,99.93067976801586,0.8395241807073826,0.10431909561157227,0.03125
3,Art,epsilon,0.1,24,7,0.6776350542584207,91.1211455506385,0.6022773232553612,0.07828783988952637,0.03125
3,Geography,epsilon,0.1,21,5,0.8209286187730738,99.05520391417862,0.6245160202185313,0.06992936134338379,0.03125
3,History,epsilon,0.1,24,6,0.6725386625006047,95.60202489490585,0.6922740397465743,0.0804281234741211,0.03125
3,Music,epsilon,0.1,23,6,0.5559090482216122,92.62581730674636,0.5487757379808202,0.07669782638549805,0.03125
3,Other,epsilon,0.1,28,13,0.5100651602169104,98.12839702143809,0.6191644679690204,0.08873796463012695,0.03125
3,Politics,epsilon,0.1,22,11,0.7592151527039304,97.15221683415712,0.5799051124006702,0.07662582397460938,0.03125
3,Science and technology,epsilon,0.1,24,7,0.8176071142196477,99.32105965300573,0.5642140657325464,0.07878994941711426,0.03125
3,Sports,epsilon,0.1,22,14,0.7384051818125689,95.0708342653275,0.5132466235734154,0.07632112503051758,0.03125
3,TV shows,epsilon,0.1,22,5,0.8338354952761469,97.54490800054099,0.7523786915518095,0.07615995407104492,0.03125
3,Video games,epsilon,0.1,25,6,0.6392591169804323,99.84387235028268,0.8395241807073826,0.0786292552947998,0.03125
3,Art,epsilon,0.15,18,4,0.6789318972753972,91.2955311886949,0.6171730772112404,0.06561422348022461,0.03125
3,Geography,epsilon,0.15,17,4,0.820577717021681,99.01286327244291,0.6245160202185313,0.06779289245605469,0.03125
3,History,epsilon,0.15,19,4,0.6199395197909263,88.12500560788925,0.7736266841166319,0.06945204734802246,0.03125
3,Music,epsilon,0.15,17,6,0.5559090482216122,92.62581730674636,0.5487757379808202,0.054347991943359375,0.03125
3,Other,epsilon,0.15,16,11,0.5069430294337284,97.52774888284605,0.6191644679690204,0.05453228950500488,0.03125
3,Politics,epsilon,0.15,17,7,0.7529737239477524,96.35353857053767,0.5753100606230049,0.0656733512878418,0.03125
3,Science and technology,epsilon,0.15,16,6,0.8156694639747568,99.08567829169853,0.5642140657325464,0.06587505340576172,0.03125
3,Sports,epsilon,0.15,17,13,0.7356722633863358,94.71896669835937,0.5132466235734154,0.06491398811340332,0.03125
3,TV shows,epsilon,0.15,18,5,0.8338354952761469,97.54490800054099,0.7523786915518095,0.06539177894592285,0.03125
3,Video games,epsilon,0.15,16,5,0.6244308087464074,97.52788549117946,0.7331739484189569,0.05733203887939453,0.03125
3,Art,epsilon,0.2,14,4,0.6653040266189388,89.46300027426135,0.5377632345261736,0.053948163986206055,0.03125
3,Geography,epsilon,0.2,13,3,0.8137715100280192,98.19161011324998,0.6245160202185313,0.044233083724975586,0.03125
3,History,epsilon,0.2,14,4,0.6199395197909263,88.12500560788925,0.7736266841166319,0.053967952728271484,0.03125
3,Music,epsilon,0.2,14,6,0.5559090482216122,92.62581730674636,0.5487757379808202,0.04405093193054199,0.03125
3,Other,epsilon,0.2,14,11,0.44137018682551676,84.91258040016338,0.48831738228402083,0.044116973876953125,0.03125
3,Politics,epsilon,0.2,12,5,0.7388159891297497,94.5418580238304,0.542421592399478,0.04402923583984375,0.03125
3,Science and technology,epsilon,0.2,13,6,0.8121065061706371,98.65285825081389,0.5642140657325464,0.044183969497680664,0.03125
3,Sports,epsilon,0.2,13,9,0.7258464279722366,93.45387485829515,0.47835553871424746,0.05333089828491211,0.03125
3,TV shows,epsilon,0.2,14,6,0.8338365600122908,97.54503255699102,0.7523786915518095,0.053678274154663086,0.03125
3,Video games,epsilon,0.2,15,4,0.6219535774757559,97.14097452471975,0.7331739484189569,0.05396318435668945,0.03125
3,Art,delta_qoa,0.01,44,15,0.7415658973513947,99.7178844915203,0.6384526198371944,0.19150114059448242,0.03125
3,Geography,delta_qoa,0.01,55,10,0.828668471754393,99.98911302368947,0.687293718706449,0.22551298141479492,0.03125
3,History,delta_qoa,0.01,33,10,0.7031196540183386,99.94914257810177,0.7736266841166319,0.18338823318481445,0.03125
3,Music,delta_qoa,0.01,43,21,0.6000420963423994,99.97928576620602,0.658661176058871,0.17645716667175293,0.03125
3,Other,delta_qoa,0.01,70,27,0.5187387135302964,99.79705026323295,0.6191644679690204,0.209975004196167,0.03125
3,Politics,delta_qoa,0.01,36,19,0.7806063346497911,99.88951829520106,0.6342284479024695,0.18346595764160156,0.03125
3,Science and technology,delta_qoa,0.01,32,11,0.8149110574613467,98.99354878689167,0.5642140657325464,0.1673119068145752,0.03125
3,Sports,delta_qoa,0.01,74,19,0.7754660211134949,99.84247590286769,0.5132466235734154,0.22033309936523438,0.03125
3,TV shows,delta_qoa,0.01,22,6,0.8501720724500311,99.45601627849038,0.7790280061426103,0.1464519500732422,0.03125
3,Video games,delta_qoa,0.01,33,11,0.6358787232314987,99.31589927489432,0.8395241807073826,0.16638612747192383,0.03125
3,Art,delta_qoa,0.02,38,14,0.7415282263606151,99.71281889786145,0.6384526198371944,0.17149686813354492,0.03125
3,Geography,delta_qoa,0.02,51,10,0.828668471754393,99.98911302368947,0.687293718706449,0.2104017734527588,0.03125
3,History,delta_qoa,0.02,33,10,0.7031196540183386,99.94914257810177,0.7736266841166319,0.1832749843597412,0.03125
3,Music,delta_qoa,0.02,40,21,0.6000420963423994,99.97928576620602,0.658661176058871,0.16938376426696777,0.03125
3,Other,delta_qoa,0.02,62,27,0.5187387135302964,99.79705026323295,0.6191644679690204,0.19460701942443848,0.03125
3,Politics,delta_qoa,0.02,29,16,0.7745651739874404,99.11646714032301,0.6088986520838683,0.17364883422851562,0.03125
3,Science and technology,delta_qoa,0.02,27,9,0.8148532955457113,98.98653200026062,0.5642140657325464,0.13617873191833496,0.03125
3,Sports,delta_qoa,0.02,56,17,0.7745153360440551,99.72007369754543,0.5132466235734154,0.21236705780029297,0.03125
3,TV shows,delta_qoa,0.02,20,6,0.8501720724500311,99.45601627849038,0.7790280061426103,0.14665675163269043,0.03125
3,Video games,delta_qoa,0.02,31,11,0.6358787232314987,99.31589927489432,0.8395241807073826,0.1552901268005371,0.03125
3,Art,delta_qoa,0.05,12,9,0.7383882579214264,99.29058938158465,0.6384526198371944,0.09888172149658203,0.03125
3,Geography,delta_qoa,0.05,42,10,0.828668471754393,99.98911302368947,0.687293718706449,0.1848139762878418,0.03125
3,History,delta_qoa,0.05,16,8,0.7014327274821914,99.7093443305111,0.7736266841166319,0.1453242301940918,0.03125
3,Music,delta_qoa,0.05,12,10,0.5909067830258002,98.4571557253115,0.658661176058871,0.0703420639038086,0.03125
3,Other,delta_qoa,0.05,32,18,0.49998996772690996,96.19009076992754,0.6191644679690204,0.15147614479064941,0.03125
3,Politics,delta_qoa,0.05,7,5,0.7208626809522103,92.24448068258161,0.6088986520838683,0.0735929012298584,0.03125
3,Science and technology,delta_qoa,0.05,13,8,0.8144656198545723,98.93943803571949,0.5642140657325464,0.0951700210571289,0.03125
3,Sports,delta_qoa,0.05,10,8,0.7250373079169747,93.34969937230285,0.5132466235734154,0.08101391792297363,0.03125
3,TV shows,delta_qoa,0.05,13,6,0.8501720724500311,99.45601627849038,0.7790280061426103,0.11893296241760254,0.03125
3,Video games,delta_qoa,0.05,23,11,0.6358787232314987,99.31589927489432,0.8395241807073826,0.14636683464050293,0.03125
3,Art,delta_qoa,0.1,5,5,0.6663296565969671,89.60091607115189,0.52392847687006,0.039515018463134766,0.03125
3,Geography,delta_qoa,0.1,9,6,0.821342165496713,99.10510344758671,0.6271417637847304,0.0819859504699707,0.03125
3,History,delta_qoa,0.1,10,6,0.6827637125134494,97.05552569773704,0.6595950827189343,0.10506987571716309,0.03125
3,Music,delta_qoa,0.1,7,6,0.5810032635188656,96.80702682117204,0.658661176058871,0.02179098129272461,0.03125
3,Other,delta_qoa,0.1,10,8,0.4178265392519019,80.38315832504259,0.5073121004414144,0.06661772727966309,0.03125
3,Politics,delta_qoa,0.1,5,4,0.7122582528018927,91.14342353637423,0.52287080809474,0.010841131210327148,0.03125
3,Science and technology,delta_qoa,0.1,6,4,0.7942158360523776,96.47954018258272,0.494495603442192,0.05799293518066406,0.03125
3,Sports,delta_qoa,0.1,6,6,0.6911721108475627,88.98950172303181,0.4415934950113296,0.023063182830810547,0.03125
3,TV shows,delta_qoa,0.1,8,5,0.8112046008926205,94.89746911947013,0.7790280061426103,0.07096695899963379,0.03125
3,Video games,delta_qoa,0.1,9,7,0.6255501503107397,97.70271193212793,0.8118974085464085,0.09188699722290039,0.03125
3,Art,delta_qoa,0.15,5,5,0.6663296565969671,89.60091607115189,0.52392847687006,0.010859012603759766,0.03125
3,Geography,delta_qoa,0.15,5,5,0.8209110056081242,99.05307866771291,0.6245160202185313,0.050412654876708984,0.03125
3,History,delta_qoa,0.15,5,4,0.6444214317816751,91.60513320518162,0.6067973330616951,0.03996682167053223,0.03125
3,Music,delta_qoa,0.15,5,4,0.4713799641782066,78.54154305224662,0.4635770440101623,0.010825872421264648,0.03125
3,Other,delta_qoa,0.15,7,6,0.40819221602923017,78.52966828501485,0.4098829612135887,0.03195309638977051,0.03125
3,Politics,delta_qoa,0.15,5,4,0.7122582528018927,91.14342353637423,0.52287080809474,0.010922908782958984,0.03125
3,Science and technology,delta_qoa,0.15,6,4,0.7942158360523776,96.47954018258272,0.494495603442192,0.05800294876098633,0.03125
3,Sports,delta_qoa,0.15,5,5,0.6617694916322987,85.20386802593453,0.4191039264202117,0.01080012321472168,0.03125
3,TV shows,delta_qoa,0.15,7,4,0.804270594759979,94.08630553370828,0.6727710008621216,0.04078793525695801,0.03125
3,Video games,delta_qoa,0.15,9,7,0.6255501503107397,97.70271193212793,0.8118974085464085,0.0587620735168457,0.03125
3,Art,delta_qoa,0.2,5,5,0.6663296565969671,89.60091607115189,0.52392847687006,0.010903120040893555,0.03125
3,Geography,delta_qoa,0.2,5,5,0.8209110056081242,99.05307866771291,0.6245160202185313,0.0497288703918457,0.03125
3,History,delta_qoa,0.2,5,4,0.6444214317816751,91.60513320518162,0.6067973330616951,0.030537843704223633,0.03125
3,Music,delta_qoa,0.2,5,4,0.4713799641782066,78.54154305224662,0.4635770440101623,0.010825872421264648,0.03125
3,Other,delta_qoa,0.2,5,4,0.3651830048171669,70.255382404361,0.3683541849255561,0.010802030563354492,0.03125
3,Politics,delta_qoa,0.2,5,4,0.7122582528018927,91.14342353637423,0.52287080809474,0.010830163955688477,0.03125
3,Science and technology,delta_qoa,0.2,5,4,0.7942158360523776,96.47954018258272,0.494495603442192,0.020353078842163086,0.03125
3,Sports,delta_qoa,0.2,5,5,0.6617694916322987,85.20386802593453,0.4191039264202117,0.0109100341796875,0.03125
3,TV shows,delta_qoa,0.2,5,4,0.804270594759979,94.08630553370828,0.6727710008621216,0.021054983139038086,0.03125
3,Video games,delta_qoa,0.2,8,6,0.6244376292917395,97.52895077071854,0.8118974085464085,0.05818510055541992,0.03125
4,Art,none,0.0,2730,83,0.6399837364421579,100.0,0.8561735613658178,8.815926790237427,10.578125
4,Geography,none,0.0,2730,45,0.702287525804385,100.0,0.9109990494634318,8.843584060668945,1.484375
4,History,none,0.0,2730,18,0.677874324339581,100.0,0.9438428054962873,8.822129249572754,1.59375
4,Music,none,0.0,2730,74,0.7381289492375527,100.0,0.708501785540007,8.84742021560669,1.1875
4,Other,none,0.0,2730,67,0.5262449978642385,100.0,0.7775666860180653,9.062550067901611,1.046875
4,Politics,none,0.0,2730,77,0.8360000875018438,100.0,0.66601676254861,8.763763904571533,1.125
4,Science and technology,none,0.0,2730,78,0.6850082082234252,100.0,0.741517974051222,8.723270893096924,1.140625
4,Sports,none,0.0,2730,80,0.728564023014906,100.0,0.6015477168357984,8.760154008865356,1.34375
4,TV shows,none,0.0,2730,45,0.83737883765269,100.0,0.8797680551465009,8.752532958984375,1.1875
4,Video games,none,0.0,2730,38,0.6503943450974428,100.0,1.0,8.798686981201172,1.140625
4,Art,epsilon,0.01,330,31,0.6059171810863173,94.67696545771214,0.8561735613658178,2.058095932006836,0.03125
4,Geography,epsilon,0.01,262,36,0.7021146298195187,99.97538102578879,0.9109990494634318,1.6665949821472168,0.03125
4,History,epsilon,0.01,257,15,0.6777797234895688,99.98604448544289,0.9438428054962873,1.6900689601898193,0.03125
4,Music,epsilon,0.01,290,22,0.6253493767207398,84.72088479481693,0.6555858219596155,1.768855094909668,0.03125
4,Other,epsilon,0.01,348,39,0.5190587808427153,98.63443509188906,0.7775666860180653,2.0153520107269287,0.03125
4,Politics,epsilon,0.01,260,25,0.8151736269283861,97.50879684286974,0.66601676254861,1.5939562320709229,0.03125
4,Science and technology,epsilon,0.01,298,28,0.6826589572132984,99.65704775768751,0.741517974051222,1.8102779388427734,0.03125
4,Sports,epsilon,0.01,247,54,0.7087210970694678,97.27643346108073,0.5994432671516364,1.5313060283660889,0.03125
4,TV shows,epsilon,0.01,265,14,0.8099202335188807,96.72088630627684,0.8587587089668964,1.6088039875030518,0.03125
4,Video games,epsilon,0.01,302,17,0.6451117336773959,99.18778331025382,1.0,1.812925100326538,0.03125
4,Art,epsilon,0.02,287,31,0.6059171810863173,94.67696545771214,0.8561735613658178,1.8911149501800537,0.03125
4,Geography,epsilon,0.02,234,30,0.7019447304975609,99.95118875186748,0.9109990494634318,1.6097209453582764,0.03125
4,History,epsilon,0.02,211,13,0.6773852741538895,99.92785533127135,0.9438428054962873,1.4368829727172852,0.03125
4,Music,epsilon,0.02,256,20,0.6251032863393693,84.6875450400729,0.6555858219596155,1.6325912475585938,0.03125
4,Other,epsilon,0.02,304,37,0.5190520000155451,98.63314656141414,0.7775666860180653,1.935091257095337,0.03125
4,Politics,epsilon,0.02,239,23,0.8057775635092282,96.38486592950878,0.6500284587237705,1.5675947666168213,0.03125
4,Science and technology,epsilon,0.02,262,26,0.6823894192208687,99.61769961715518,0.741517974051222,1.6932621002197266,0.03125
4,Sports,epsilon,0.02,222,47,0.7060497619645545,96.90977589626453,0.5994432671516364,1.4849212169647217,0.03125
4,TV shows,epsilon,0.02,220,13,0.8044669380244106,96.0696523307734,0.8192155922743409,1.4064278602600098,0.03125
4,Video games,epsilon,0.02,257,16,0.6451117082891065,99.18777940673134,1.0,1.706221103668213,0.03125
4,Art,epsilon,0.05,129,14,0.5741956924233956,89.72035689773998,0.7064579211902765,0.8632609844207764,0.03125
4,Geography,epsilon,0.05,139,17,0.6904268245378036,98.31113314265457,0.8738094094068013,0.9774580001831055,0.03125
4,History,epsilon,0.05,134,14,0.6618056855411348,97.62955488628353,0.9438428054962873,0.9086122512817383,0.03125
4,Music,epsilon,0.05,173,17,0.6116273634697723,82.86185822972399,0.6375137244688552,1.1704020500183105,0.03125
4,Other,epsilon,0.05,180,35,0.5192349291824871,98.66790777865792,0.7775666860180653,1.1049139499664307,0.03125
4,Politics,epsilon,0.05,138,22,0.7958046194455544,95.19193016158616,0.6500284587237705,0.9391510486602783,0.03125
4,Science and technology,epsilon,0.05,155,19,0.6792560753926578,99.1602826416218,0.741517974051222,1.033862829208374,0.03125
4,Sports,epsilon,0.05,130,37,0.6973823315907589,95.72011649777701,0.5994432671516364,0.8672211170196533,0.03125
4,TV shows,epsilon,0.05,144,12,0.8014776584856041,95.71267178572094,0.7954867398904699,0.976870059967041,0.03125
4,Video games,epsilon,0.05,149,11,0.6450175337988895,99.17329980817289,1.0,0.9178838729858398,0.03125
4,Art,epsilon,0.1,101,9,0.5718895022540301,89.36000552659635,0.7064579211902765,0.7052621841430664,0.03125
4,Geography,epsilon,0.1,90,9,0.6473216546480016,92.17330948696167,0.7353873481287883,0.6419429779052734,0.03125
4,History,epsilon,0.1,91,11,0.6547995426819776,96.59600890178515,0.9438428054962873,0.7487249374389648,0.03125
4,Music,epsilon,0.1,93,9,0.584298220041911,79.15936919226098,0.5868398041777291,0.7463850975036621,0.03125
4,Other,epsilon,0.1,110,19,0.498492320066714,94.72628188198301,0.7775666860180653,0.8782668113708496,0.03125
4,Politics,epsilon,0.1,79,16,0.7868003271101668,94.1148618131492,0.6263594139069448,0.7329227924346924,0.03125
4,Science and technology,epsilon,0.1,89,12,0.6735497076817091,98.32724624257658,0.7206955242272584,0.7402291297912598,0.03125
4,Sports,epsilon,0.1,90,23,0.6814850609479038,93.53811599532703,0.5706314157767659,0.6905782222747803,0.03125
4,TV shows,epsilon,0.1,86,8,0.7993013620255924,95.4527778927594,0.7954867398904699,0.6729190349578857,0.03125
4,Video games,epsilon,0.1,99,8,0.6434193660100924,98.92757691700021,1.0,0.765815019607544,0.03125
4,Art,epsilon,0.15,62,4,0.5544650706525672,86.63736890174553,0.618875415623188,0.549821138381958,0.03125
4,Geography,epsilon,0.15,63,5,0.6290246821026261,89.56797023870739,0.6284302252387255,0.5506417751312256,0.03125
4,History,epsilon,0.15,64,5,0.6029071195961834,88.9408402042024,0.8368554881937426,0.5961153507232666,0.03125
4,Music,epsilon,0.15,66,8,0.5815593534306769,78.78831388897513,0.5867540634577252,0.5426943302154541,0.03125
4,Other,epsilon,0.15,58,15,0.4809966417028893,91.40165581715944,0.6220378848519412,0.5307528972625732,0.03125
4,Politics,epsilon,0.15,58,11,0.7646023451177222,91.45960108718718,0.593835598344193,0.5296249389648438,0.03125
4,Science and technology,epsilon,0.15,53,8,0.6587945812431737,96.17323899691117,0.6355907149134051,0.5097322463989258,0.03125
4,Sports,epsilon,0.15,62,20,0.6817816112068951,93.57881938578049,0.5991913587372664,0.5107200145721436,0.03125
4,TV shows,epsilon,0.15,63,8,0.7993013620255924,95.4527778927594,0.7954867398904699,0.5506041049957275,0.03125
4,Video games,epsilon,0.15,64,6,0.6103748957843671,93.84689463942372,1.0,0.5291409492492676,0.03125
4,Art,epsilon,0.2,46,6,0.5016814384146391,78.3897167768077,0.5868151280910755,0.3683891296386719,0.03125
4,Geography,epsilon,0.2,45,4,0.6320141650268178,89.99364815755804,0.6743963487780648,0.39884519577026367,0.03125
4,History,epsilon,0.2,45,5,0.6029071195961834,88.9408402042024,0.8368554881937426,0.3721311092376709,0.03125
4,Music,epsilon,0.2,49,8,0.5913184056108538,80.11044766929325,0.5894100899641795,0.38150787353515625,0.03125
4,Other,epsilon,0.2,48,16,0.40284196813543394,76.55027026772039,0.5713271451162502,0.3818190097808838,0.03125
4,Politics,epsilon,0.2,45,6,0.7348622986575184,87.90217963414958,0.5444170638918877,0.34233927726745605,0.03125
4,Science and technology,epsilon,0.2,47,11,0.6490269947350361,94.74733104560795,0.6355907149134051,0.35860681533813477,0.03125
4,Sports,epsilon,0.2,43,15,0.6498495565450283,89.19594380406741,0.5192094247783434,0.3430519104003906,0.03125
4,TV shows,epsilon,0.2,45,6,0.7900986200739935,94.35378403982232,0.7570339739322662,0.37260007858276367,0.03125
4,Video games,epsilon,0.2,57,6,0.6109067456940935,93.92866809175084,1.0,0.39405202865600586,0.03125
4,Art,delta_qoa,0.01,142,24,0.6307031358286542,98.54986930369559,0.8561735613658178,1.628680944442749,0.03125
4,Geography,delta_qoa,0.01,171,32,0.7005223709453352,99.74865638443056,0.9109990494634318,2.437601089477539,0.03125
4,History,delta_qoa,0.01,104,14,0.6775282654521128,99.94894940329753,0.9438428054962873,1.3595659732818604,0.03125
4,Music,delta_qoa,0.01,110,27,0.6815482183268825,92.33457365828627,0.708501785540007,1.4725968837738037,0.03125
4,Other,delta_qoa,0.01,354,52,0.5190033444926012,98.62390076845814,0.7775666860180653,2.5720760822296143,0.03125
4,Politics,delta_qoa,0.01,81,25,0.8262026461415991,98.82805737622328,0.66601676254861,1.44224214553833,0.03125
4,Science and technology,delta_qoa,0.01,90,20,0.6725497025484444,98.18126184103807,0.7206955242272584,1.165459156036377,0.03125
4,Sports,delta_qoa,0.01,318,49,0.722185581342212,99.12451871473161,0.6015477168357984,2.5653209686279297,0.03125
4,TV shows,delta_qoa,0.01,45,10,0.8041747923176179,96.03476421399083,0.8343866809283444,0.8833339214324951,0.03125
4,Video games,delta_qoa,0.01,81,14,0.6369502758428383,97.93293570955167,1.0,1.246263027191162,0.03125
4,Art,delta_qoa,0.02,103,21,0.629831670837117,98.41369943844526,0.8289717224814533,1.285140037536621,0.03125
4,Geography,delta_qoa,0.02,148,31,0.7004984357477937,99.74524820805522,0.9109990494634318,1.9485881328582764,0.03125
4,History,delta_qoa,0.02,89,14,0.6775282654521128,99.94894940329753,0.9438428054962873,1.266869068145752,0.03125
4,Music,delta_qoa,0.02,85,25,0.6792551349300221,92.02391203212609,0.708501785540007,1.2319681644439697,0.03125
4,Other,delta_qoa,0.02,270,50,0.5189152586814625,98.60716221293814,0.7775666860180653,2.0603420734405518,0.03125
4,Politics,delta_qoa,0.02,51,23,0.80370816715402,96.13733050623006,0.6236376194379718,1.1398861408233643,0.03125
4,Science and technology,delta_qoa,0.02,63,14,0.6717425695190119,98.06343361361787,0.7206955242272584,0.8085708618164062,0.03125
4,Sports,delta_qoa,0.02,196,42,0.7215276918909499,99.0342192447496,0.6015477168357984,2.0012669563293457,0.03125
4,TV shows,delta_qoa,0.02,36,10,0.8041747923176179,96.03476421399083,0.8343866809283444,0.8091180324554443,0.03125
4,Video games,delta_qoa,0.02,68,14,0.6369502758428383,97.93293570955167,1.0,1.058980941772461,0.03125
4,Art,delta_qoa,0.05,23,16,0.5940087752773908,92.81622976540712,0.8289717224814533,0.306182861328125,0.03125
4,Geography,delta_qoa,0.05,100,30,0.7004920109443555,99.74433336859103,0.9109990494634318,0.9763350486755371,0.03125
4,History,delta_qoa,0.05,22,11,0.6488148823078494,95.71315198284834,0.8368554881937426,0.47711896896362305,0.03125
4,Music,delta_qoa,0.05,14,11,0.6625491439920875,89.76062308306226,0.658661176058871,0.26416516304016113,0.046875
4,Other,delta_qoa,0.05,82,31,0.4960331371599983,94.25897427493757,0.7775666860180653,0.8707389831542969,0.03125
4,Politics,delta_qoa,0.05,7,5,0.745035004201825,89.11901031352247,0.6088986520838683,0.0955960750579834,0.03125
4,Science and technology,delta_qoa,0.05,21,13,0.6626262185319926,96.73259540210758,0.7206955242272584,0.27585411071777344,0.03125
4,Sports,delta_qoa,0.05,14,11,0.6741031507515469,92.5249023362433,0.5716521371869923,0.13725900650024414,0.03125
4,TV shows,delta_qoa,0.05,19,8,0.8013697795786421,95.69978885841118,0.8343866809283444,0.5660233497619629,0.03125
4,Video games,delta_qoa,0.05,41,14,0.6369502758428383,97.93293570955167,1.0,0.8601291179656982,0.03125
4,Art,delta_qoa,0.1,5,5,0.48591581311432785,75.92627522312752,0.52392847687006,0.03988289833068848,0.03125
4,Geography,delta_qoa,0.1,13,10,0.6912879568274692,98.4337513379129,0.9098366045767295,0.11083078384399414,0.03125
4,History,delta_qoa,0.1,10,6,0.5777225936588409,85.22561969310273,0.6595950827189343,0.1569960117340088,0.03125
4,Music,delta_qoa,0.1,7,6,0.6418325753906541,86.95399036355809,0.658661176058871,0.04645085334777832,0.03125
4,Other,delta_qoa,0.1,12,10,0.40515635407058437,76.9900627492724,0.7233538383062075,0.12248992919921875,0.03125
4,Politics,delta_qoa,0.1,5,4,0.702526952386726,84.03431565252994,0.52287080809474,0.010763168334960938,0.03125
4,Science and technology,delta_qoa,0.1,6,4,0.5813210850923387,84.86337508275996,0.494495603442192,0.06048417091369629,0.03125
4,Sports,delta_qoa,0.1,6,6,0.5794494798104256,79.53308995585284,0.4415934950113296,0.02315068244934082,0.03125
4,TV shows,delta_qoa,0.1,8,5,0.7622858404953996,91.03237462176757,0.7790280061426103,0.09685564041137695,0.03125
4,Video games,delta_qoa,0.1,12,9,0.6113539309725838,93.99742411367217,1.0,0.24548101425170898,0.03125
4,Art,delta_qoa,0.15,5,5,0.48591581311432785,75.92627522312752,0.52392847687006,0.010855913162231445,0.03125
4,Geography,delta_qoa,0.15,5,5,0.6282122060961379,89.45228030023704,0.6245160202185313,0.05159282684326172,0.03125
4,History,delta_qoa,0.15,5,4,0.5372154592716714,79.25000844294458,0.6067973330616951,0.041136741638183594,0.03125
4,Music,delta_qoa,0.15,5,4,0.4764858668876878,64.55320135863415,0.4635770440101623,0.010810136795043945,0.03125
4,Other,delta_qoa,0.15,7,6,0.3387348762664194,64.36828428605924,0.4098829612135887,0.031794071197509766,0.03125
4,Politics,delta_qoa,0.15,5,4,0.702526952386726,84.03431565252994,0.52287080809474,0.010799169540405273,0.03125
4,Science and technology,delta_qoa,0.15,6,4,0.5813210850923387,84.86337508275996,0.494495603442192,0.05940699577331543,0.03125
4,Sports,delta_qoa,0.15,5,5,0.5467014546407138,75.03821728368938,0.4191039264202117,0.010787010192871094,0.03125
4,TV shows,delta_qoa,0.15,7,4,0.7300124531994241,87.17827826241329,0.6727710008621216,0.04002714157104492,0.03125
4,Video games,delta_qoa,0.15,11,9,0.6113539309725838,93.99742411367217,1.0,0.13953781127929688,0.03125
4,Art,delta_qoa,0.2,5,5,0.48591581311432785,75.92627522312752,0.52392847687006,0.010702133178710938,0.03125
4,Geography,delta_qoa,0.2,5,5,0.6282122060961379,89.45228030023704,0.6245160202185313,0.04991412162780762,0.03125
4,History,delta_qoa,0.2,5,4,0.5372154592716714,79.25000844294458,0.6067973330616951,0.030428171157836914,0.03125
4,Music,delta_qoa,0.2,5,4,0.4764858668876878,64.55320135863415,0.4635770440101623,0.010837078094482422,0.03125
4,Other,delta_qoa,0.2,5,4,0.2950070006161099,56.058870262595114,0.3683541849255561,0.010865926742553711,0.03125
4,Politics,delta_qoa,0.2,5,4,0.702526952386726,84.03431565252994,0.52287080809474,0.010874748229980469,0.03125
4,Science and technology,delta_qoa,0.2,5,4,0.5813210850923387,84.86337508275996,0.494495603442192,0.02037215232849121,0.03125
4,Sports,delta_qoa,0.2,5,5,0.5467014546407138,75.03821728368938,0.4191039264202117,0.010885953903198242,0.03125
4,TV shows,delta_qoa,0.2,5,4,0.7300124531994241,87.17827826241329,0.6727710008621216,0.020388126373291016,0.03125
4,Video games,delta_qoa,0.2,8,6,0.5924961314784873,91.09798323811056,0.8118974085464085,0.11263823509216309,0.03125
5,Art,none,0.0,84105,279,0.694537949894286,100.0,0.9509220813040636,225.7399308681488,208.984375
5,Geography,none,0.0,84105,103,0.7528550675624841,100.0,1.0,226.36907625198364,41.890625
5,History,none,0.0,84105,40,0.7589854500723393,100.0,1.0,227.87970209121704,4.859375
5,Music,none,0.0,84105,176,0.7436124400158226,100.0,0.8110248952851542,228.57371377944946,0.578125
5,Other,none,0.0,84105,249,0.5709192024859504,100.0,1.0,226.53606605529785,24.1875
5,Politics,none,0.0,84105,190,0.8580932446377662,100.0,0.7209086449369019,227.62899589538574,27.15625
5,Science and technology,none,0.0,84105,296,0.7013559306389804,100.0,0.8788787905561455,226.52570414543152,19.546875
5,Sports,none,0.0,84105,220,0.7489528210879403,100.0,0.691427267743397,228.11437106132507,31.40625
5,TV shows,none,0.0,84105,149,0.8149943221010665,100.0,1.0,228.48454236984253,16.625
5,Video games,none,0.0,84105,167,0.7681289335485567,100.0,1.0,229.43678903579712,21.8125
5,Art,epsilon,0.01,3216,71,0.6554481983680761,94.37183360071835,0.9509220813040636,26.325953006744385,0.03125
5,Geography,epsilon,0.01,2419,63,0.743428113079407,98.74783940638154,1.0,21.203850984573364,0.046875
5,History,epsilon,0.01,2373,21,0.7582856158963575,99.90779346614416,1.0,20.9908230304718,0.046875
5,Music,epsilon,0.01,2879,38,0.6371258317785988,85.67982425966973,0.7366513766934799,23.037068128585815,0.03125
5,Other,epsilon,0.01,3469,74,0.5296001032983311,92.7627063500923,1.0,27.72994589805603,0.078125
5,Politics,epsilon,0.01,2571,34,0.8190809740054372,95.45360939779948,0.6918269384823797,20.537668704986572,1.875
5,Science and technology,epsilon,0.01,2904,58,0.6847982135252397,97.63918484318576,0.8681410137834645,23.79233694076538,0.484375
5,Sports,epsilon,0.01,2339,88,0.734372910667858,98.05329387785692,0.691427267743397,19.296199798583984,0.640625
5,TV shows,epsilon,0.01,2590,22,0.7660665216554253,93.99654707783674,0.8876332509674149,20.941243171691895,0.234375
5,Video games,epsilon,0.01,3032,26,0.7562792439695545,98.45733065616214,1.0,24.1132709980011,0.375
5,Art,epsilon,0.02,2614,63,0.6552968451247748,94.35004166791981,0.9509220813040636,22.896647214889526,1.53125
5,Geography,epsilon,0.02,2024,49,0.7431074195456991,98.7052424249006,1.0,19.149356842041016,0.140625
5,History,epsilon,0.02,1824,17,0.7580150916507186,99.87215058977372,1.0,17.68388295173645,0.21875
5,Music,epsilon,0.02,2438,35,0.6369302633568636,85.65352448155804,0.7366513766934799,20.42424988746643,0.296875
5,Other,epsilon,0.02,2788,69,0.5295579486748863,92.75532270924414,1.0,24.93152117729187,0.046875
5,Politics,epsilon,0.02,2247,36,0.8161674294301219,95.11407233775128,0.6918269384823797,19.50214195251465,0.03125
5,Science and technology,epsilon,0.02,2327,52,0.6829296437611987,97.37276237744305,0.8681410137834645,21.299794912338257,0.109375
5,Sports,epsilon,0.02,2004,71,0.7280296056182428,97.2063373178428,0.691427267743397,17.699599981307983,0.03125
5,TV shows,epsilon,0.02,2099,21,0.7630953727290959,93.63198638756471,0.8876332509674149,17.5925190448761,0.046875
5,Video games,epsilon,0.02,2334,22,0.7562532866048642,98.45395135829214,1.0,21.299208164215088,0.171875
5,Art,epsilon,0.05,1178,32,0.6044411121875111,87.02780204875941,0.7993168876952021,10.114840984344482,0.03125
5,Geography,epsilon,0.05,1244,32,0.7383216844152911,98.06956427958336,1.0,11.206864833831787,0.03125
5,History,epsilon,0.05,1242,18,0.7456489593095778,98.24285290824871,1.0,10.709995031356812,0.046875
5,Music,epsilon,0.05,1521,34,0.6054669515187256,81.42238065649393,0.7113177346562808,13.537222146987915,0.328125
5,Other,epsilon,0.05,1649,58,0.5278244893885885,92.45169668322333,1.0,14.147908210754395,0.03125
5,Politics,epsilon,0.05,1230,35,0.7908999320094513,92.16946257901381,0.6757796426336073,10.921612024307251,0.03125
5,Science and technology,epsilon,0.05,1408,36,0.6828492001498666,97.36129265033048,0.8672713112625834,12.491497039794922,0.03125
5,Sports,epsilon,0.05,1170,58,0.7212017891741244,96.29468891331442,0.6836277265944362,10.053218126296997,0.078125
5,TV shows,epsilon,0.05,1259,16,0.7477564319852495,91.74989465663064,0.8423017931971843,11.261005640029907,0.109375
5,Video games,epsilon,0.05,1315,16,0.7562089509088226,98.44817945020415,1.0,11.306907892227173,0.03125
5,Art,epsilon,0.1,811,20,0.5932261768755958,85.41306878420242,0.7645299877316536,8.03401803970337,0.03125
5,Geography,epsilon,0.1,746,18,0.6870513489169363,91.25944401774431,0.9090742856238995,7.278239965438843,0.078125
5,History,epsilon,0.1,702,14,0.7412087483509621,97.65783366207047,1.0,7.874884128570557,0.03125
5,Music,epsilon,0.1,774,19,0.5584871936640274,75.10460605690565,0.6276923417857562,7.74195408821106,0.03125
5,Other,epsilon,0.1,872,34,0.49938474229389385,87.4703005468069,1.0,9.250847816467285,0.03125
5,Politics,epsilon,0.1,635,22,0.7698774739907569,89.7195588942961,0.6455180864592576,6.738558769226074,0.03125
5,Science and technology,epsilon,0.1,699,20,0.6559804524782846,93.53032088580818,0.7892076686388723,7.671317100524902,0.03125
5,Sports,epsilon,0.1,732,34,0.6942040791916859,92.6899611891807,0.6688172961832382,7.27106785774231,0.0625
5,TV shows,epsilon,0.1,694,12,0.7466663031424169,91.61613558454015,0.8423017931971843,7.072532892227173,0.109375
5,Video games,epsilon,0.1,771,10,0.7536290293654583,98.11230855266541,1.0,8.325380086898804,0.09375
5,Art,epsilon,0.15,496,10,0.575666916183736,82.88487566033749,0.728105154775495,5.39087700843811,0.03125
5,Geography,epsilon,0.15,498,13,0.6549003412370534,86.98889991634402,0.8254368520994444,5.422795057296753,0.078125
5,History,epsilon,0.15,498,8,0.6820261756448572,89.86024377408724,0.9052520065535975,5.779510974884033,0.03125
5,Music,epsilon,0.15,514,11,0.5447898252135718,73.26260238491703,0.5867540634577252,5.553037881851196,0.03125
5,Other,epsilon,0.15,494,27,0.46134117772227984,80.80673687510675,0.8503510437949283,5.2295520305633545,0.03125
5,Politics,epsilon,0.15,481,16,0.7611507545095847,88.70256924477891,0.6500284587237705,4.88857102394104,0.03125
5,Science and technology,epsilon,0.15,415,10,0.6288750192718926,89.6656022711531,0.7159969618262396,4.5671422481536865,0.03125
5,Sports,epsilon,0.15,484,25,0.6834320580615513,91.25168352644529,0.6836277265944362,4.954730987548828,0.03125
5,TV shows,epsilon,0.15,500,10,0.7351256997460252,90.2001007627711,0.7954867398904699,5.338638067245483,0.03125
5,Video games,epsilon,0.15,550,7,0.7268856498853254,94.6306821860364,1.0,5.424273252487183,0.03125
5,Art,epsilon,0.2,362,13,0.5097844664309682,73.39908013789042,0.6277449394467354,3.52896785736084,0.03125
5,Geography,epsilon,0.2,366,12,0.6509996521303694,86.47078039045527,0.885812898307459,3.8493640422821045,0.03125
5,History,epsilon,0.2,354,8,0.6820261756448572,89.86024377408724,0.9052520065535975,3.6311380863189697,0.03125
5,Music,epsilon,0.2,374,10,0.5539567559477706,74.49535889098136,0.5894100899641795,3.8120648860931396,0.03125
5,Other,epsilon,0.2,384,35,0.3821835532028584,66.94179343394278,0.727778985143531,3.8063018321990967,0.03125
5,Politics,epsilon,0.2,374,7,0.7111247544438821,82.87266668135523,0.5664607748389244,3.39361834526062,0.03125
5,Science and technology,epsilon,0.2,387,17,0.6492229054684721,92.56682336413527,0.8047167188885238,3.573657274246216,0.03125
5,Sports,epsilon,0.2,344,21,0.6024751487678752,80.44233652698051,0.5304037923504532,3.491908073425293,0.03125
5,TV shows,epsilon,0.2,351,7,0.7182635804076793,88.13111465071144,0.7570339739322662,3.572305917739868,0.03125
5,Video games,epsilon,0.2,478,9,0.7290497776018229,94.9124223499565,1.0,4.156925916671753,0.03125
5,Art,delta_qoa,0.01,665,51,0.6807823505274824,98.01946036657935,0.9509220813040636,12.872437000274658,0.65625
5,Geography,delta_qoa,0.01,682,62,0.7410130052657862,98.42704621288676,1.0,22.565440893173218,1.046875
5,History,delta_qoa,0.01,404,20,0.7579450873706871,99.86292718766177,1.0,9.229317903518677,0.0625
5,Music,delta_qoa,0.01,294,39,0.6868606517282101,92.36809590135354,0.8110248952851542,9.177605152130127,0.03125
5,Other,delta_qoa,0.01,2453,102,0.5598249879970562,98.05678028684501,1.0,33.37177014350891,0.03125
5,Politics,delta_qoa,0.01,218,34,0.822782460038012,95.8849711473186,0.7034095491174239,9.066407918930054,0.203125
5,Science and technology,delta_qoa,0.01,365,33,0.6611346296932495,94.26520840722247,0.8118680679889883,7.748863935470581,0.03125
5,Sports,delta_qoa,0.01,1779,97,0.7292895318232959,97.37456236080651,0.691427267743397,27.851066827774048,0.640625
5,TV shows,delta_qoa,0.01,95,13,0.7457733401621189,91.50656881136364,0.8485852191712001,4.308210849761963,0.03125
5,Video games,delta_qoa,0.01,308,20,0.7450954249409033,97.00134865363754,1.0,8.806998014450073,0.078125
5,Art,delta_qoa,0.02,373,43,0.6801327314398994,97.92592781192458,0.9509220813040636,8.069185733795166,0.03125
5,Geography,delta_qoa,0.02,478,58,0.7409467360092514,98.4182438205818,1.0,15.160215854644775,0.03125
5,History,delta_qoa,0.02,260,20,0.7579450873706871,99.86292718766177,1.0,7.238810300827026,0.03125
5,Music,delta_qoa,0.02,177,34,0.683707524624654,91.94406761270778,0.8110248952851542,5.947026968002319,0.03125
5,Other,delta_qoa,0.02,1620,99,0.5584823262067742,97.82160483917473,1.0,23.473464012145996,0.03125
5,Politics,delta_qoa,0.02,103,37,0.7936753330352889,92.4929007418453,0.6658379385749719,5.105648040771484,0.0625
5,Science and technology,delta_qoa,0.02,190,22,0.6575830387091799,93.75881916476837,0.8118680679889883,4.110446214675903,0.078125
5,Sports,delta_qoa,0.02,821,79,0.7264905716895191,97.0008458789444,0.691427267743397,15.933161973953247,0.03125
5,TV shows,delta_qoa,0.02,72,13,0.7457733401621189,91.50656881136364,0.8485852191712001,3.671630859375,0.03125
5,Video games,delta_qoa,0.02,210,20,0.7450954249409033,97.00134865363754,1.0,6.535416126251221,0.109375
5,Art,delta_qoa,0.05,54,30,0.6460967739841568,93.02540978250327,0.9509220813040636,1.0334620475769043,0.046875
5,Geography,delta_qoa,0.05,244,57,0.740937036805355,98.41695549772733,1.0,5.221151828765869,0.046875
5,History,delta_qoa,0.05,38,15,0.7451163201088816,98.17267512017051,1.0,1.0799322128295898,0.03125
5,Music,delta_qoa,0.05,14,11,0.6226258396231796,83.72988483220256,0.658661176058871,0.6137022972106934,0.03125
5,Other,delta_qoa,0.05,279,54,0.5266402681115121,92.24427306322247,1.0,5.15385103225708,0.078125
5,Politics,delta_qoa,0.05,7,5,0.7212043894963133,84.04732166383167,0.6088986520838683,0.0985269546508789,0.03125
5,Science and technology,delta_qoa,0.05,41,19,0.6518720234994356,92.94453714899626,0.8118680679889883,1.0097439289093018,0.03125
5,Sports,delta_qoa,0.05,24,18,0.6884809712926828,91.9258132031047,0.691427267743397,0.37612295150756836,0.03125
5,TV shows,delta_qoa,0.05,23,9,0.7422242900152665,91.07109950187163,0.8485852191712001,1.8433740139007568,0.03125
5,Video games,delta_qoa,0.05,102,18,0.7450844606632986,96.99992125295964,1.0,4.160390853881836,0.09375
5,Art,delta_qoa,0.1,5,5,0.4557300766146945,65.616295939489,0.52392847687006,0.03909778594970703,0.03125
5,Geography,delta_qoa,0.1,20,17,0.7328331326719019,97.34053262663063,1.0,0.33245110511779785,0.03125
5,History,delta_qoa,0.1,10,6,0.5775692780205002,76.09754284030764,0.6595950827189343,0.1518850326538086,0.03125
5,Music,delta_qoa,0.1,7,6,0.6081933127612398,81.7890180465914,0.658661176058871,0.04591178894042969,0.03125
5,Other,delta_qoa,0.1,15,13,0.4164765152370014,72.94841606720179,0.9763730780116111,0.23572301864624023,0.03125
5,Politics,delta_qoa,0.1,5,4,0.656220930427288,76.47431494514375,0.52287080809474,0.010778665542602539,0.03125
5,Science and technology,delta_qoa,0.1,6,4,0.49198673022123385,70.14793897486577,0.494495603442192,0.05760002136230469,0.03125
5,Sports,delta_qoa,0.1,6,6,0.5060023481002092,67.5613114541958,0.4415934950113296,0.021303176879882812,0.03125
5,TV shows,delta_qoa,0.1,8,5,0.6996212750072084,85.8436992792263,0.7790280061426103,0.09511089324951172,0.03125
5,Video games,delta_qoa,0.1,15,10,0.7198409309693099,93.7135550465247,1.0,0.6458780765533447,0.03125
5,Art,delta_qoa,0.15,5,5,0.4557300766146945,65.616295939489,0.52392847687006,0.010884761810302734,0.03125
5,Geography,delta_qoa,0.15,5,5,0.5881154302171764,78.11801441694686,0.6245160202185313,0.04958224296569824,0.03125
5,History,delta_qoa,0.15,5,4,0.5336572269944047,70.31191796147627,0.6067973330616951,0.03976917266845703,0.03125
5,Music,delta_qoa,0.15,5,4,0.4312927305308658,57.99966586380517,0.4635770440101623,0.010759353637695312,0.03125
5,Other,delta_qoa,0.15,7,6,0.27377236580136904,47.95290902973372,0.4098829612135887,0.0315709114074707,0.03125
5,Politics,delta_qoa,0.15,5,4,0.656220930427288,76.47431494514375,0.52287080809474,0.010737895965576172,0.03125
5,Science and technology,delta_qoa,0.15,6,4,0.49198673022123385,70.14793897486577,0.494495603442192,0.057404279708862305,0.03125
5,Sports,delta_qoa,0.15,5,5,0.47487926489170373,63.405764892091184,0.4191039264202117,0.010773897171020508,0.03125
5,TV shows,delta_qoa,0.15,7,4,0.6506795107514229,79.83853299418851,0.6727710008621216,0.03986001014709473,0.03125
5,Video games,delta_qoa,0.15,11,9,0.7192697555373363,93.63919572909411,1.0,0.26662182807922363,0.03125
5,Art,delta_qoa,0.2,5,5,0.4557300766146945,65.616295939489,0.52392847687006,0.010922908782958984,0.03125
5,Geography,delta_qoa,0.2,5,5,0.5881154302171764,78.11801441694686,0.6245160202185313,0.04985213279724121,0.03125
5,History,delta_qoa,0.2,5,4,0.5336572269944047,70.31191796147627,0.6067973330616951,0.03037118911743164,0.03125
5,Music,delta_qoa,0.2,5,4,0.4312927305308658,57.99966586380517,0.4635770440101623,0.010837078094482422,0.03125
5,Other,delta_qoa,0.2,5,4,0.23703829904278162,41.51871193167913,0.3683541849255561,0.010763883590698242,0.03125
5,Politics,delta_qoa,0.2,5,4,0.656220930427288,76.47431494514375,0.52287080809474,0.010811805725097656,0.03125
5,Science and technology,delta_qoa,0.2,5,4,0.49198673022123385,70.14793897486577,0.494495603442192,0.020226240158081055,0.03125
5,Sports,delta_qoa,0.2,5,5,0.47487926489170373,63.405764892091184,0.4191039264202117,0.010783910751342773,0.03125
5,TV shows,delta_qoa,0.2,5,4,0.6506795107514229,79.83853299418851,0.6727710008621216,0.020298004150390625,0.03125
5,Video games,delta_qoa,0.2,8,6,0.6600140375315338,85.92490253979106,0.8118974085464085,0.11205816268920898,0.03125
